addressId,customerId,address
ADR001,IND0148,"302, De Grassi Street, Toronto, Canada"
ADR002,IND0421,"344, Oxford Street, London, United Kingdom"
ADR003,IND0424,"613, Sukhumvit Soi, Bangkok, Thailand"
ADR004,IND0245,"120, Carnaby Street, London, United Kingdom"
ADR005,IND0241,"926, Carnaby Street, London, United Kingdom"
ADR006,IND0192,"384, Valby, Copenhagen, Denmark"
ADR007,IND0344,"992, Piccadilly, London, United Kingdom"
ADR008,IND0124,"691, Lexington Avenue, New York, United States of America"
ADR009,IND0007,"265, Broadway, New York, United States of America"
ADR010,IND0445,"792, King Street, Sydney, Australia"
ADR011,IND0449,"570, Brick Lane, London, United Kingdom"
ADR012,IND0312,"791, Thonglor Soi, Bangkok, Thailand"
ADR013,IND0231,"390, Norrebro, Copenhagen, Denmark"
ADR014,IND0014,"348, Oxford Street, London, United Kingdom"
ADR015,IND0028,"533, Brick Lane, London, United Kingdom"
ADR016,IND0227,"450, Blue Jays Way, Toronto, Canada"
ADR017,IND0119,"844, Lexington Avenue, New York, United States of America"
ADR018,IND0162,"963, Houston Street, New York, United States of America"
ADR019,IND0437,"988, Carnaby Street, London, United Kingdom"
ADR020,IND0063,"152, George Street, Sydney, Australia"
ADR021,IND0453,"202, Lexington Avenue, New York, United States of America"
ADR022,IND0177,"24, Canal Street, New York, United States of America"
ADR023,IND0235,"812, Canal Street, New York, United States of America"
ADR024,IND0289,"29, Carnaby Street, London, United Kingdom"
ADR025,IND0011,"415, Carnaby Street, London, United Kingdom"
ADR026,IND0468,"562, Charoen Krung Road, Bangkok, Thailand"
ADR027,IND0346,"86, East 14th Street, New York, United States of America"
ADR028,IND0010,"39, Charoen Krung Road, Bangkok, Thailand"
ADR029,IND0440,"841, Oxford Street, London, United Kingdom"
ADR030,IND0430,"250, Bay Street, Toronto, Canada"
ADR031,IND0349,"723, Oxford Street, London, United Kingdom"
ADR032,IND0321,"834, Abbey Road, London, United Kingdom"
ADR033,IND0109,"233, Carnaby Street, London, United Kingdom"
ADR034,IND0216,"122, India Street, Glasgow, United Kingdom"
ADR035,IND0236,"116, Houston Street, New York, United States of America"
ADR036,IND0221,"841, East 14th Street, New York, United States of America"
ADR037,IND0132,"453, Canal Street, New York, United States of America"
ADR038,IND0191,"35, Valby, Copenhagen, Denmark"
ADR039,IND0461,"867, Lexington Avenue, New York, United States of America"
ADR040,IND0022,"711, Alexander Street, Toronto, Canada"
ADR041,IND0232,"147, Abbey Road, London, United Kingdom"
ADR042,IND0156,"895, Church Street, Sydney, Australia"
ADR043,IND0158,"68, Silom Road, Bangkok, Thailand"
ADR044,IND0500,"661, Abbey Road, London, United Kingdom"
ADR045,IND0422,"958, Heath Street, Cardiff, United Kingdom"
ADR046,IND0121,"123, King Street, Sydney, Australia"
ADR047,IND0152,"875, Amager, Copenhagen, Denmark"
ADR048,IND0205,"594, Canal Street, New York, United States of America"
ADR049,IND0036,"812, Brick Lane, London, United Kingdom"
ADR050,IND0233,"310, Oxford Street, London, United Kingdom"
ADR051,IND0284,"946, Abbey Road, London, United Kingdom"
ADR052,IND0420,"731, King Street, Sydney, Australia"
ADR053,IND0291,"967, Brick Lane, London, United Kingdom"
ADR054,IND0213,"892, Silom Road, Bangkok, Thailand"
ADR055,IND0032,"818, Osterbro, Copenhagen, Denmark"
ADR056,IND0155,"651, George Street, Sydney, Australia"
ADR057,IND0281,"336, Capel Street, Dublin, Ireland"
ADR058,IND0077,"906, O'Connell Street, Dublin, Ireland"
ADR059,IND0283,"590, Finnieston Street, Glasgow, United Kingdom"
ADR060,IND0166,"392, Blue Jays Way, Toronto, Canada"
ADR061,IND0189,"588, Church Street, Sydney, Australia"
ADR062,IND0043,"414, Blue Jays Way, Toronto, Canada"
ADR063,IND0122,"953, De Grassi Street, Toronto, Canada"
ADR064,IND0118,"541, George Street, Sydney, Australia"
ADR065,IND0051,"828, Sukhumvit Soi, Bangkok, Thailand"
ADR066,IND0382,"785, George Street, Sydney, Australia"
ADR067,IND0030,"291, East 14th Street, New York, United States of America"
ADR068,IND0071,"609, Khao San Road, Bangkok, Thailand"
ADR069,IND0478,"973, William Street, Sydney, Australia"
ADR070,IND0037,"872, Church Street, Sydney, Australia"
ADR071,IND0117,"853, Houston Street, New York, United States of America"
ADR072,IND0069,"880, Lexington Avenue, New York, United States of America"
ADR073,IND0137,"124, Church Street, Sydney, Australia"
ADR074,IND0228,"416, East 14th Street, New York, United States of America"
ADR075,IND0408,"983, King Street, Sydney, Australia"
ADR076,IND0456,"982, King Street, Sydney, Australia"
ADR077,IND0111,"202, Abbey Road, London, United Kingdom"
ADR078,IND0492,"302, Broadway, New York, United States of America"
ADR079,IND0339,"963, Lexington Avenue, New York, United States of America"
ADR080,IND0009,"835, Charoen Krung Road, Bangkok, Thailand"
ADR081,IND0309,"421, Thonglor Soi, Bangkok, Thailand"
ADR082,IND0280,"616, High Street, Sydney, Australia"
ADR083,IND0020,"543, Bay Street, Toronto, Canada"
ADR084,IND0442,"866, High Street, Sydney, Australia"
ADR085,IND0206,"776, William Street, Sydney, Australia"
ADR086,IND0048,"522, Piccadilly, London, United Kingdom"
ADR087,IND0354,"509, East 14th Street, New York, United States of America"
ADR088,IND0399,"374, Sukhumvit Soi, Bangkok, Thailand"
ADR089,IND0338,"499, Canal Street, New York, United States of America"
ADR090,IND0343,"71, George Street, Sydney, Australia"
ADR091,IND0368,"225, Piccadilly, London, United Kingdom"
ADR092,IND0072,"30, Houston Street, New York, United States of America"
ADR093,IND0379,"182, Lexington Avenue, New York, United States of America"
ADR094,IND0387,"727, High Street, Sydney, Australia"
ADR095,IND0313,"511, Lexington Avenue, New York, United States of America"
ADR096,IND0471,"918, Lexington Avenue, New York, United States of America"
ADR097,IND0254,"94, Piccadilly, London, United Kingdom"
ADR098,IND0143,"212, Khao San Road, Bangkok, Thailand"
ADR099,IND0380,"995, King Street, Sydney, Australia"
ADR100,IND0058,"464, Alexander Street, Toronto, Canada"
ADR101,IND0102,"225, Houston Street, New York, United States of America"
ADR102,IND0017,"713, Kelvin Way, Glasgow, United Kingdom"
ADR103,IND0494,"588, Sukhumvit Soi, Bangkok, Thailand"
ADR104,IND0106,"770, Christie Street, Toronto, Canada"
ADR105,IND0450,"534, Carnaby Street, London, United Kingdom"
ADR106,IND0273,"430, Houston Street, New York, United States of America"
ADR107,IND0362,"480, William Street, Sydney, Australia"
ADR108,IND0105,"750, Abbey Road, London, United Kingdom"
ADR109,IND0045,"137, East 14th Street, New York, United States of America"
ADR110,IND0242,"995, Piccadilly, London, United Kingdom"
ADR111,IND0487,"648, George Street, Sydney, Australia"
ADR112,IND0237,"324, Sukhumvit Soi, Bangkok, Thailand"
ADR113,IND0076,"418, Polk Street, San Francisco, United States of America"
ADR114,IND0171,"674, Carnaby Street, London, United Kingdom"
ADR115,IND0363,"747, Brick Lane, London, United Kingdom"
ADR116,IND0315,"798, Broadway, New York, United States of America"
ADR117,IND0151,"137, Grafton Street, Dublin, Ireland"
ADR118,IND0147,"902, High Street, Sydney, Australia"
ADR119,IND0297,"205, William Street, Sydney, Australia"
ADR120,IND0097,"419, Khao San Road, Bangkok, Thailand"
ADR121,IND0495,"92, Khao San Road, Bangkok, Thailand"
ADR122,IND0454,"455, King Street, Sydney, Australia"
ADR123,IND0425,"692, Houston Street, New York, United States of America"
ADR124,IND0083,"657, Charoen Krung Road, Bangkok, Thailand"
ADR125,IND0307,"279, Oxford Street, London, United Kingdom"
ADR126,IND0170,"923, Bay Street, Toronto, Canada"
ADR127,IND0282,"648, Lexington Avenue, New York, United States of America"
ADR128,IND0279,"305, The Embarcadero, San Francisco, United States of America"
ADR129,IND0269,"756, Valby, Copenhagen, Denmark"
ADR130,IND0038,"88, George Street, Sydney, Australia"
ADR131,IND0050,"129, Khao San Road, Bangkok, Thailand"
ADR132,IND0091,"798, George Street, Sydney, Australia"
ADR133,IND0373,"212, Broadway, New York, United States of America"
ADR134,IND0139,"944, East 14th Street, New York, United States of America"
ADR135,IND0246,"750, George Street, Sydney, Australia"
ADR136,IND0320,"618, Broadway, New York, United States of America"
ADR137,IND0180,"119, Houston Street, New York, United States of America"
ADR138,IND0247,"354, Piccadilly, London, United Kingdom"
ADR139,IND0002,"675, Khao San Road, Bangkok, Thailand"
ADR140,IND0092,"773, Christie Street, Toronto, Canada"
ADR141,IND0149,"404, East 14th Street, New York, United States of America"
ADR142,IND0318,"892, Church Street, Sydney, Australia"
ADR143,IND0463,"431, East 14th Street, New York, United States of America"
ADR144,IND0035,"44, Frederiksberg, Copenhagen, Denmark"
ADR145,IND0185,"418, Alexander Street, Toronto, Canada"
ADR146,IND0251,"121, Oxford Street, London, United Kingdom"
ADR147,IND0340,"800, Polk Street, San Francisco, United States of America"
ADR148,IND0207,"597, Oxford Street, London, United Kingdom"
ADR149,IND0435,"484, East 14th Street, New York, United States of America"
ADR150,IND0327,"528, Fillmore Street, San Francisco, United States of America"
ADR151,IND0365,"967, Khao San Road, Bangkok, Thailand"
ADR152,IND0306,"970, Bay Street, Toronto, Canada"
ADR153,IND0402,"831, Blue Jays Way, Toronto, Canada"
ADR154,IND0447,"111, Khao San Road, Bangkok, Thailand"
ADR155,IND0018,"366, Abbey Road, London, United Kingdom"
ADR156,IND0395,"631, Silom Road, Bangkok, Thailand"
ADR157,IND0108,"605, Finnieston Street, Glasgow, United Kingdom"
ADR158,IND0142,"582, Oxford Street, London, United Kingdom"
ADR159,IND0353,"781, Carnaby Street, London, United Kingdom"
ADR160,IND0262,"376, Abbey Road, London, United Kingdom"
ADR161,IND0294,"387, Lexington Avenue, New York, United States of America"
ADR162,IND0270,"918, Khao San Road, Bangkok, Thailand"
ADR163,IND0193,"276, Kelvin Way, Glasgow, United Kingdom"
ADR164,IND0459,"962, Abbey Road, London, United Kingdom"
ADR165,IND0498,"677, Carnaby Street, London, United Kingdom"
ADR166,IND0179,"237, Church Street, Sydney, Australia"
ADR167,IND0258,"156, Abbey Road, London, United Kingdom"
ADR168,IND0195,"77, Houston Street, New York, United States of America"
ADR169,IND0025,"170, East 14th Street, New York, United States of America"
ADR170,IND0081,"981, Osterbro, Copenhagen, Denmark"
ADR171,IND0418,"353, Silom Road, Bangkok, Thailand"
ADR172,IND0342,"464, Caewal Road, Cardiff, United Kingdom"
ADR173,IND0110,"758, William Street, Sydney, Australia"
ADR174,IND0381,"40, Alexander Street, Toronto, Canada"
ADR175,IND0146,"117, Christie Street, Toronto, Canada"
ADR176,IND0159,"833, Thonglor Soi, Bangkok, Thailand"
ADR177,IND0266,"958, King Street, Sydney, Australia"
ADR178,IND0145,"144, Silom Road, Bangkok, Thailand"
ADR179,IND0070,"302, George Street, Sydney, Australia"
ADR180,IND0090,"504, William Street, Sydney, Australia"
ADR181,IND0126,"688, Bay Street, Toronto, Canada"
ADR182,IND0384,"798, Lexington Avenue, New York, United States of America"
ADR183,IND0202,"776, Broadway, New York, United States of America"
ADR184,IND0182,"868, Canal Street, New York, United States of America"
ADR185,IND0141,"417, Lexington Avenue, New York, United States of America"
ADR186,IND0414,"370, Piccadilly, London, United Kingdom"
ADR187,IND0480,"514, De Grassi Street, Toronto, Canada"
ADR188,IND0075,"662, Hyde Street, San Francisco, United States of America"
ADR189,IND0219,"954, The Embarcadero, San Francisco, United States of America"
ADR190,IND0285,"45, Bay Street, Toronto, Canada"
ADR191,IND0248,"650, Abbey Road, London, United Kingdom"
ADR192,IND0013,"135, King Street, Sydney, Australia"
ADR193,IND0061,"297, FGLyn Coed Road, Cardiff, United Kingdom"
ADR194,IND0350,"858, Broadway, New York, United States of America"
ADR195,IND0128,"890, Lexington Avenue, New York, United States of America"
ADR196,IND0144,"441, Christie Street, Toronto, Canada"
ADR197,IND0264,"697, Lexington Avenue, New York, United States of America"
ADR198,IND0378,"883, De Grassi Street, Toronto, Canada"
ADR199,IND0444,"700, Charoen Krung Road, Bangkok, Thailand"
ADR200,IND0259,"790, William Street, Sydney, Australia"
ADR201,IND0317,"307, Brick Lane, London, United Kingdom"
ADR202,IND0220,"461, Lexington Avenue, New York, United States of America"
ADR203,IND0047,"802, Carnaby Street, London, United Kingdom"
ADR204,IND0115,"766, Khao San Road, Bangkok, Thailand"
ADR205,IND0482,"290, Eagle Street, Glasgow, United Kingdom"
ADR206,IND0214,"15, Broadway, New York, United States of America"
ADR207,IND0136,"463, Blue Jays Way, Toronto, Canada"
ADR208,IND0390,"896, Houston Street, New York, United States of America"
ADR209,IND0293,"51, Piccadilly, London, United Kingdom"
ADR210,IND0255,"159, Broadway, New York, United States of America"
ADR211,IND0080,"769, East 14th Street, New York, United States of America"
ADR212,IND0337,"824, Piccadilly, London, United Kingdom"
ADR213,IND0345,"784, William Street, Sydney, Australia"
ADR214,IND0301,"728, East 14th Street, New York, United States of America"
ADR215,IND0016,"403, Houston Street, New York, United States of America"
ADR216,IND0008,"818, Broadway, New York, United States of America"
ADR217,IND0064,"493, De Grassi Street, Toronto, Canada"
ADR218,IND0326,"236, India Street, Glasgow, United Kingdom"
ADR219,IND0033,"163, Church Street, Sydney, Australia"
ADR220,IND0138,"418, East 14th Street, New York, United States of America"
ADR221,IND0370,"981, Brick Lane, London, United Kingdom"
ADR222,IND0272,"622, Blue Jays Way, Toronto, Canada"
ADR223,IND0019,"710, Houston Street, New York, United States of America"
ADR224,IND0299,"839, Canal Street, New York, United States of America"
ADR225,IND0369,"457, East 14th Street, New York, United States of America"
ADR226,IND0238,"437, Oxford Street, London, United Kingdom"
ADR227,IND0172,"940, Brick Lane, London, United Kingdom"
ADR228,IND0046,"421, East 14th Street, New York, United States of America"
ADR229,IND0287,"832, Brick Lane, London, United Kingdom"
ADR230,IND0295,"305, William Street, Sydney, Australia"
ADR231,IND0475,"157, Alexander Street, Toronto, Canada"
ADR232,IND0383,"153, Houston Street, New York, United States of America"
ADR233,IND0298,"833, Broadway, New York, United States of America"
ADR234,IND0104,"28, Brick Lane, London, United Kingdom"
ADR235,IND0021,"529, Piccadilly, London, United Kingdom"
ADR236,IND0167,"376, Abbey Road, London, United Kingdom"
ADR237,IND0479,"512, Carnaby Street, London, United Kingdom"
ADR238,IND0467,"92, Charoen Krung Road, Bangkok, Thailand"
ADR239,IND0391,"667, Church Street, Sydney, Australia"
ADR240,IND0256,"637, William Street, Sydney, Australia"
ADR241,IND0481,"214, Lexington Avenue, New York, United States of America"
ADR242,IND0060,"110, Alexander Street, Toronto, Canada"
ADR243,IND0325,"932, Oxford Street, London, United Kingdom"
ADR244,IND0184,"428, East 14th Street, New York, United States of America"
ADR245,IND0372,"966, Brick Lane, London, United Kingdom"
ADR246,IND0406,"349, Oxford Street, London, United Kingdom"
ADR247,IND0234,"802, Oxford Street, London, United Kingdom"
ADR248,IND0348,"540, Abbey Road, London, United Kingdom"
ADR249,IND0100,"300, Purcell Road, Road Town, British Virgin Islands"
ADR250,IND0222,"692, Purcell Road, Road Town, British Virgin Islands"
ADR251,IND0250,"213, Carnaby Street, London, United Kingdom"
ADR252,IND0290,"151, Church Street, Sydney, Australia"
ADR253,IND0190,"987, De Grassi Street, Toronto, Canada"
ADR254,IND0462,"50, Houston Street, New York, United States of America"
ADR255,IND0405,"201, Brick Lane, London, United Kingdom"
ADR256,IND0330,"560, Houston Street, New York, United States of America"
ADR257,IND0458,"598, Carnaby Street, London, United Kingdom"
ADR258,IND0082,"115, Oxford Street, London, United Kingdom"
ADR259,IND0394,"469, Canal Street, New York, United States of America"
ADR260,IND0088,"628, William Street, Sydney, Australia"
ADR261,IND0217,"995, Christie Street, Toronto, Canada"
ADR262,IND0403,"598, Pickenin Road, Road Town, British Virgin Islands"
ADR263,IND0415,"704, High Street, Sydney, Australia"
ADR264,IND0491,"756, Piccadilly, London, United Kingdom"
ADR265,IND0341,"781, Church Street, Sydney, Australia"
ADR266,IND0335,"403, Purcell Road, Road Town, British Virgin Islands"
ADR267,IND0134,"292, Abbey Road, London, United Kingdom"
ADR268,IND0086,"409, George Street, Sydney, Australia"
ADR269,IND0074,"265, Hyde Street, San Francisco, United States of America"
ADR270,IND0388,"241, Amager, Copenhagen, Denmark"
ADR271,IND0004,"284, Fillmore Street, San Francisco, United States of America"
ADR272,IND0098,"333, Blue Jays Way, Toronto, Canada"
ADR273,IND0432,"758, Canal Street, New York, United States of America"
ADR274,IND0204,"242, Oxford Street, London, United Kingdom"
ADR275,IND0099,"718, High Street, Sydney, Australia"
ADR276,IND0029,"92, Norrebro, Copenhagen, Denmark"
ADR277,IND0441,"647, High Street, Sydney, Australia"
ADR278,IND0224,"505, Station Avenue, Road Town, British Virgin Islands"
ADR279,IND0377,"634, Lexington Avenue, New York, United States of America"
ADR280,IND0438,"697, William Street, Sydney, Australia"
ADR281,IND0278,"906, Abbey Street, Dublin, Ireland"
ADR282,IND0068,"515, Purcell Road, Road Town, British Virgin Islands"
ADR283,IND0396,"731, Main Street, Road Town, British Virgin Islands"
ADR284,IND0322,"463, Oxford Street, London, United Kingdom"
ADR285,IND0401,"424, Lexington Avenue, New York, United States of America"
ADR286,IND0034,"850, Piccadilly, London, United Kingdom"
ADR287,IND0310,"740, Abbey Road, London, United Kingdom"
ADR288,IND0457,"866, George Street, Sydney, Australia"
ADR289,IND0031,"144, William Street, Sydney, Australia"
ADR290,IND0131,"972, Abbey Road, London, United Kingdom"
ADR291,IND0364,"79, Osterbro, Copenhagen, Denmark"
ADR292,IND0302,"650, Broadway, New York, United States of America"
ADR293,IND0150,"847, Piccadilly, London, United Kingdom"
ADR294,IND0409,"390, Piccadilly, London, United Kingdom"
ADR295,IND0012,"475, Houston Street, New York, United States of America"
ADR296,IND0261,"838, Abbey Road, London, United Kingdom"
ADR297,IND0164,"196, Bakers Row, Cardiff, United Kingdom"
ADR298,IND0496,"20, Carnaby Street, London, United Kingdom"
ADR299,IND0466,"779, Station Avenue, Road Town, British Virgin Islands"
ADR300,IND0439,"255, Laidlaw Street, Glasgow, United Kingdom"
ADR301,IND0200,"858, Bay Street, Toronto, Canada"
ADR302,IND0130,"397, Oxford Street, London, United Kingdom"
ADR303,IND0178,"625, De Grassi Street, Toronto, Canada"
ADR304,IND0244,"561, William Street, Sydney, Australia"
ADR305,IND0404,"39, Blue Jays Way, Toronto, Canada"
ADR306,IND0049,"76, William Street, Sydney, Australia"
ADR307,IND0484,"252, Canal Street, New York, United States of America"
ADR308,IND0113,"755, Piccadilly, London, United Kingdom"
ADR309,IND0125,"854, Station Avenue, Road Town, British Virgin Islands"
ADR310,IND0400,"377, Piccadilly, London, United Kingdom"
ADR311,IND0385,"322, Carnaby Street, London, United Kingdom"
ADR312,IND0230,"724, De Grassi Street, Toronto, Canada"
ADR313,IND0267,"685, William Street, Sydney, Australia"
ADR314,IND0176,"954, Oxford Street, London, United Kingdom"
ADR315,IND0329,"414, Piccadilly, London, United Kingdom"
ADR316,IND0360,"574, Broadway, New York, United States of America"
ADR317,IND0173,"34, Carnaby Street, London, United Kingdom"
ADR318,IND0003,"973, Blue Jays Way, Toronto, Canada"
ADR319,IND0243,"609, Houston Street, New York, United States of America"
ADR320,IND0165,"5, High Street, Sydney, Australia"
ADR321,IND0355,"472, High Street, Sydney, Australia"
ADR322,IND0067,"558, Abbey Road, London, United Kingdom"
ADR323,IND0053,"951, Oxford Street, London, United Kingdom"
ADR324,IND0375,"529, King Street, Sydney, Australia"
ADR325,IND0476,"642, Station Avenue, Road Town, British Virgin Islands"
ADR326,IND0431,"56, The Embarcadero, San Francisco, United States of America"
ADR327,IND0486,"931, Carnaby Street, London, United Kingdom"
ADR328,IND0199,"862, George Street, Sydney, Australia"
ADR329,IND0460,"728, Station Avenue, Road Town, British Virgin Islands"
ADR330,IND0133,"340, Houston Street, New York, United States of America"
ADR331,IND0087,"499, William Street, Sydney, Australia"
ADR332,IND0333,"530, Purcell Road, Road Town, British Virgin Islands"
ADR333,IND0073,"589, Broadway, New York, United States of America"
ADR334,IND0489,"286, Capel Street, Dublin, Ireland"
ADR335,IND0123,"503, Lexington Avenue, New York, United States of America"
ADR336,IND0157,"894, Brick Lane, London, United Kingdom"
ADR337,IND0357,"822, Blue Jays Way, Toronto, Canada"
ADR338,IND0210,"587, Carnaby Street, London, United Kingdom"
ADR339,IND0042,"955, East 14th Street, New York, United States of America"
ADR340,IND0288,"481, Piccadilly, London, United Kingdom"
ADR341,IND0303,"604, Lexington Avenue, New York, United States of America"
ADR342,IND0116,"109, Alexander Street, Toronto, Canada"
ADR343,IND0443,"589, Osterbro, Copenhagen, Denmark"
ADR344,IND0276,"367, Canal Street, New York, United States of America"
ADR345,IND0209,"474, Alexander Street, Toronto, Canada"
ADR346,IND0319,"975, Canal Street, New York, United States of America"
ADR347,IND0331,"747, Heath Street, Cardiff, United Kingdom"
ADR348,IND0194,"201, Piccadilly, London, United Kingdom"
ADR349,IND0352,"845, Carnaby Street, London, United Kingdom"
ADR350,IND0096,"924, East 14th Street, New York, United States of America"
ADR351,IND0186,"440, Norrebro, Copenhagen, Denmark"
ADR352,IND0499,"340, Piccadilly, London, United Kingdom"
ADR353,IND0392,"947, Abbey Road, London, United Kingdom"
ADR354,IND0225,"541, Bay Street, Toronto, Canada"
ADR355,IND0464,"579, East 14th Street, New York, United States of America"
ADR356,IND0026,"464, Abbey Road, London, United Kingdom"
ADR357,IND0062,"245, Carnaby Street, London, United Kingdom"
ADR358,IND0436,"751, Canal Street, New York, United States of America"
ADR359,IND0412,"738, Abbey Road, London, United Kingdom"
ADR360,IND0001,"762, East 14th Street, New York, United States of America"
ADR361,IND0239,"397, Brick Lane, London, United Kingdom"
ADR362,IND0469,"593, King Street, Sydney, Australia"
ADR363,IND0274,"570, Canal Street, New York, United States of America"
ADR364,IND0413,"224, High Street, Sydney, Australia"
ADR365,IND0275,"330, Church Street, Sydney, Australia"
ADR366,IND0433,"221, George Street, Sydney, Australia"
ADR367,IND0114,"628, Station Avenue, Road Town, British Virgin Islands"
ADR368,IND0160,"815, Abbey Road, London, United Kingdom"
ADR369,IND0196,"820, Houston Street, New York, United States of America"
ADR370,IND0203,"984, Oxford Street, London, United Kingdom"
ADR371,IND0027,"750, Bay Street, Toronto, Canada"
ADR372,IND0054,"628, East 14th Street, New York, United States of America"
ADR373,IND0410,"195, Laidlaw Street, Glasgow, United Kingdom"
ADR374,IND0201,"237, George Street, Sydney, Australia"
ADR375,IND0356,"84, Lexington Avenue, New York, United States of America"
ADR376,IND0065,"620, East 14th Street, New York, United States of America"
ADR377,IND0079,"646, Bakers Row, Cardiff, United Kingdom"
ADR378,IND0386,"784, Piccadilly, London, United Kingdom"
ADR379,IND0218,"815, Carnaby Street, London, United Kingdom"
ADR380,IND0271,"617, Church Street, Sydney, Australia"
ADR381,IND0253,"566, Brick Lane, London, United Kingdom"
ADR382,IND0446,"719, Carnaby Street, London, United Kingdom"
ADR383,IND0169,"824, Brick Lane, London, United Kingdom"
ADR384,IND0428,"29, Bay Street, Toronto, Canada"
ADR385,IND0296,"498, High Street, Sydney, Australia"
ADR386,IND0154,"98, Oxford Street, London, United Kingdom"
ADR387,IND0153,"64, Brick Lane, London, United Kingdom"
ADR388,IND0292,"815, Broadway, New York, United States of America"
ADR389,IND0490,"373, Purcell Road, Road Town, British Virgin Islands"
ADR390,IND0103,"11, High Street, Sydney, Australia"
ADR391,IND0423,"167, Station Avenue, Road Town, British Virgin Islands"
ADR392,IND0367,"476, Abbey Road, London, United Kingdom"
ADR393,IND0477,"524, Piccadilly, London, United Kingdom"
ADR394,IND0252,"676, Hyde Street, San Francisco, United States of America"
ADR395,IND0474,"502, East 14th Street, New York, United States of America"
ADR396,IND0112,"935, Abbey Road, London, United Kingdom"
ADR397,IND0163,"507, Brick Lane, London, United Kingdom"
ADR398,IND0175,"967, Pickenin Road, Road Town, British Virgin Islands"
ADR399,IND0257,"347, Oxford Street, London, United Kingdom"
ADR400,IND0120,"686, Canal Street, New York, United States of America"
ADR401,IND0059,"144, Houston Street, New York, United States of America"
ADR402,IND0135,"637, Main Street, Road Town, British Virgin Islands"
ADR403,IND0052,"36, George Street, Sydney, Australia"
ADR404,IND0107,"416, King Street, Sydney, Australia"
ADR405,IND0057,"170, Broadway, New York, United States of America"
ADR406,IND0127,"737, Brick Lane, London, United Kingdom"
ADR407,IND0351,"474, Bay Street, Toronto, Canada"
ADR408,IND0140,"525, Pickenin Road, Road Town, British Virgin Islands"
ADR409,IND0024,"836, East 14th Street, New York, United States of America"
ADR410,IND0188,"776, Broadway, New York, United States of America"
ADR411,IND0055,"268, Oxford Street, London, United Kingdom"
ADR412,IND0305,"674, Piccadilly, London, United Kingdom"
ADR413,IND0095,"243, Bakers Row, Cardiff, United Kingdom"
ADR414,IND0263,"484, Lexington Avenue, New York, United States of America"
ADR415,IND0066,"390, Broadway, New York, United States of America"
ADR416,IND0470,"743, Lexington Avenue, New York, United States of America"
ADR417,IND0389,"180, Lexington Avenue, New York, United States of America"
ADR418,IND0044,"251, East 14th Street, New York, United States of America"
ADR419,IND0226,"895, Broadway, New York, United States of America"
ADR420,IND0101,"266, Blue Jays Way, Toronto, Canada"
ADR421,IND0374,"724, Piccadilly, London, United Kingdom"
ADR422,IND0347,"913, De Grassi Street, Toronto, Canada"
ADR423,IND0094,"560, Abbey Road, London, United Kingdom"
ADR424,IND0361,"483, William Street, Sydney, Australia"
ADR425,IND0398,"843, Abbey Street, Dublin, Ireland"
ADR426,IND0455,"354, Church Street, Sydney, Australia"
ADR427,IND0358,"262, Lexington Avenue, New York, United States of America"
ADR428,IND0039,"752, Station Avenue, Road Town, British Virgin Islands"
ADR429,IND0328,"775, Canal Street, New York, United States of America"
ADR430,IND0277,"292, Main Street, Road Town, British Virgin Islands"
ADR431,IND0040,"269, Broadway, New York, United States of America"
ADR432,IND0488,"103, Station Avenue, Road Town, British Virgin Islands"
ADR433,IND0085,"243, Oxford Street, London, United Kingdom"
ADR434,IND0483,"428, Carnaby Street, London, United Kingdom"
ADR435,IND0174,"713, Haight & Ashbury, San Francisco, United States of America"
ADR436,IND0417,"403, Pickenin Road, Road Town, British Virgin Islands"
ADR437,IND0411,"172, Bay Street, Toronto, Canada"
ADR438,IND0212,"281, William Street, Sydney, Australia"
ADR439,IND0427,"161, Houston Street, New York, United States of America"
ADR440,IND0393,"876, Carnaby Street, London, United Kingdom"
ADR441,IND0006,"903, East 14th Street, New York, United States of America"
ADR442,IND0240,"856, King Street, Sydney, Australia"
ADR443,IND0416,"790, Carnaby Street, London, United Kingdom"
ADR444,IND0376,"661, Main Street, Road Town, British Virgin Islands"
ADR445,IND0451,"159, Abbey Road, London, United Kingdom"
ADR446,IND0089,"577, Pickenin Road, Road Town, British Virgin Islands"
ADR447,IND0093,"693, Oxford Street, London, United Kingdom"
ADR448,IND0472,"878, Canal Street, New York, United States of America"
ADR449,IND0161,"505, East 14th Street, New York, United States of America"
ADR450,IND0197,"274, Bay Street, Toronto, Canada"
ADR451,IND0084,"50, Hyde Street, San Francisco, United States of America"
ADR452,IND0260,"546, Church Street, Sydney, Australia"
ADR453,IND0211,"302, Broadway, New York, United States of America"
ADR454,IND0129,"105, Broadway, New York, United States of America"
ADR455,IND0215,"502, De Grassi Street, Toronto, Canada"
ADR456,IND0465,"866, Houston Street, New York, United States of America"
ADR457,IND0323,"370, Alexander Street, Toronto, Canada"
ADR458,IND0314,"588, Pickenin Road, Road Town, British Virgin Islands"
ADR459,IND0304,"220, The Embarcadero, San Francisco, United States of America"
ADR460,IND0023,"677, Broadway, New York, United States of America"
ADR461,IND0187,"100, East 14th Street, New York, United States of America"
ADR462,IND0397,"906, Church Street, Sydney, Australia"
ADR463,IND0426,"759, Canal Street, New York, United States of America"
ADR464,IND0249,"361, King Street, Sydney, Australia"
ADR465,IND0078,"786, Oxford Street, London, United Kingdom"
ADR466,IND0332,"530, Brick Lane, London, United Kingdom"
ADR467,IND0316,"285, Purcell Road, Road Town, British Virgin Islands"
ADR468,IND0005,"429, Valby, Copenhagen, Denmark"
ADR469,IND0229,"664, Main Street, Road Town, British Virgin Islands"
ADR470,IND0473,"183, Bay Street, Toronto, Canada"
ADR471,IND0334,"477, Blue Jays Way, Toronto, Canada"
ADR472,IND0452,"630, East 14th Street, New York, United States of America"
ADR473,IND0015,"181, Canal Street, New York, United States of America"
ADR474,IND0208,"402, Lexington Avenue, New York, United States of America"
ADR475,IND0223,"575, Broadway, New York, United States of America"
ADR476,IND0448,"584, Brick Lane, London, United Kingdom"
ADR477,IND0308,"104, Blue Jays Way, Toronto, Canada"
ADR478,IND0056,"646, Carnaby Street, London, United Kingdom"
ADR479,IND0181,"230, Pearse Street, Dublin, Ireland"
ADR480,IND0311,"593, Church Street, Sydney, Australia"
ADR481,IND0324,"636, Brick Lane, London, United Kingdom"
ADR482,IND0493,"106, Abbey Road, London, United Kingdom"
ADR483,IND0041,"400, Carnaby Street, London, United Kingdom"
ADR484,IND0371,"236, Canal Street, New York, United States of America"
ADR485,IND0497,"916, Bakers Row, Cardiff, United Kingdom"
ADR486,IND0429,"272, William Street, Sydney, Australia"
ADR487,IND0359,"226, East 14th Street, New York, United States of America"
ADR488,IND0485,"85, Lexington Avenue, New York, United States of America"
ADR489,IND0407,"527, Lexington Avenue, New York, United States of America"
ADR490,IND0336,"616, Canal Street, New York, United States of America"
ADR491,IND0286,"779, Frederiksberg, Copenhagen, Denmark"
ADR492,IND0419,"700, Station Avenue, Road Town, British Virgin Islands"
ADR493,IND0300,"275, Broadway, New York, United States of America"
ADR494,IND0183,"26, Houston Street, New York, United States of America"
ADR495,IND0366,"563, Abbey Road, London, United Kingdom"
ADR496,IND0198,"854, George Street, Sydney, Australia"
ADR497,IND0168,"388, High Street, Sydney, Australia"
ADR498,IND0434,"424, Christie Street, Toronto, Canada"
ADR499,IND0265,"787, Bay Street, Toronto, Canada"
ADR500,IND0268,"425, High Street, Sydney, Australia"
